no_pokedex,nombre,altura_m,peso_kg,id_tipo,id_clasificacion,legendario,prob_captura,salud,velocidad,generacion
1,Bulbasaur,0.7,6.9,10,449,0,45,45,45,1
2,Ivysaur,1.0,13.0,10,449,0,45,60,60,1
3,Venusaur,2.0,100.0,10,449,0,45,80,80,1
4,Charmander,0.6,8.5,7,299,0,45,39,65,1
5,Charmeleon,1.1,19.0,7,187,0,45,58,80,1
6,Charizard,1.7,90.5,7,187,0,45,78,100,1
7,Squirtle,0.5,9.0,18,531,0,45,44,43,1
8,Wartortle,1.0,22.5,18,546,0,45,59,58,1
9,Blastoise,1.6,85.5,18,457,0,45,79,78,1
10,Caterpie,0.3,2.9,1,585,0,255,45,45,1
11,Metapod,0.7,9.9,1,104,0,120,50,30,1
12,Butterfree,1.1,32.0,1,76,0,45,60,70,1
13,Weedle,0.3,3.2,1,225,0,255,40,50,1
14,Kakuna,0.6,10.0,1,104,0,120,45,35,1
15,Beedrill,1.0,29.5,1,380,0,45,65,145,1
16,Pidgey,0.3,1.8,13,525,0,255,40,56,1
17,Pidgeotto,1.1,30.0,13,45,0,120,63,71,1
18,Pidgeot,1.5,39.5,13,45,0,45,83,121,1
19,Rattata,1.16,61.38,13,341,0,255,30,72,1
20,Raticate,1.16,61.38,13,341,0,127,75,77,1
21,Spearow,0.3,2.0,13,525,0,255,40,70,1
22,Fearow,1.2,38.0,13,33,0,90,65,100,1
23,Ekans,2.0,6.9,14,470,0,255,35,55,1
24,Arbok,3.5,65.0,14,102,0,90,60,80,1
25,Pikachu,0.4,6.0,4,341,0,190,35,90,1
26,Raichu,1.16,61.38,4,341,0,75,60,110,1
27,Sandshrew,1.16,61.38,11,341,0,255,50,40,1
28,Sandslash,1.16,61.38,11,341,0,90,75,65,1
29,Nidoran♀,0.4,7.0,14,383,0,235,55,41,1
30,Nidorina,0.8,20.0,14,383,0,120,70,56,1
31,Nidoqueen,1.3,60.0,14,151,0,45,90,76,1
32,Nidoran♂,0.5,9.0,14,383,0,235,46,50,1
33,Nidorino,0.9,19.5,14,383,0,120,61,65,1
34,Nidoking,1.4,62.0,14,151,0,45,81,85,1
35,Clefairy,0.6,7.5,5,173,0,150,70,35,1
36,Clefable,1.3,40.0,5,173,0,25,95,60,1
37,Vulpix,1.16,61.38,7,199,0,190,38,65,1
38,Ninetales,1.16,61.38,7,199,0,75,73,109,1
39,Jigglypuff,0.5,5.5,13,27,0,170,115,20,1
40,Wigglytuff,1.0,12.0,13,27,0,50,140,45,1
41,Zubat,0.8,7.5,14,31,0,255,40,55,1
42,Golbat,1.6,55.0,14,31,0,90,75,90,1
43,Oddish,0.5,5.4,10,565,0,255,45,30,1
44,Gloom,0.8,8.6,10,565,0,120,60,40,1
45,Vileplume,1.2,18.6,10,191,0,45,75,50,1
46,Paras,0.3,5.4,1,345,0,190,35,25,1
47,Parasect,1.0,29.5,1,345,0,75,60,30,1
48,Venonat,1.0,30.0,1,252,0,190,60,45,1
49,Venomoth,1.5,12.5,1,382,0,75,70,90,1
50,Diglett,1.16,61.38,11,336,0,255,10,90,1
51,Dugtrio,1.16,61.38,11,336,0,50,35,110,1
52,Meowth,1.16,61.38,13,434,0,255,40,90,1
53,Persian,1.16,61.38,13,98,0,90,65,115,1
54,Psyduck,0.8,19.6,18,153,0,190,50,55,1
55,Golduck,1.7,76.6,18,153,0,75,80,85,1
56,Mankey,0.5,28.0,6,369,0,190,40,70,1
57,Primeape,1.0,32.0,6,369,0,75,65,95,1
58,Growlithe,0.7,19.0,7,399,0,190,55,60,1
59,Arcanine,1.9,155.0,7,289,0,75,90,95,1
60,Poliwag,0.6,12.4,18,512,0,255,40,90,1
61,Poliwhirl,1.0,20.0,18,512,0,120,65,90,1
62,Poliwrath,1.3,54.0,18,512,0,45,90,70,1
63,Abra,0.9,19.5,15,395,0,200,25,90,1
64,Kadabra,1.3,56.5,15,395,0,100,40,105,1
65,Alakazam,1.5,48.0,15,395,0,50,55,150,1
66,Machop,0.8,19.5,6,504,0,180,70,35,1
67,Machoke,1.5,70.5,6,504,0,90,80,45,1
68,Machamp,1.6,130.0,6,504,0,45,90,55,1
69,Bellsprout,0.7,4.0,10,191,0,255,50,40,1
70,Weepinbell,1.0,6.4,10,193,0,120,65,55,1
71,Victreebel,1.7,15.5,10,193,0,45,80,70,1
72,Tentacool,0.9,45.5,18,264,0,190,40,70,1
73,Tentacruel,1.6,55.0,18,264,0,60,80,100,1
74,Geodude,1.16,61.38,16,412,0,255,40,20,1
75,Graveler,1.16,61.38,16,412,0,120,55,35,1
76,Golem,1.16,61.38,16,325,0,45,80,45,1
77,Ponyta,1.0,30.0,7,178,0,190,50,90,1
78,Rapidash,1.7,95.0,7,178,0,60,65,105,1
79,Slowpoke,1.2,36.0,18,146,0,190,90,15,1
80,Slowbro,1.6,78.5,18,235,0,75,95,30,1
81,Magnemite,0.3,6.0,4,316,0,190,25,45,1
82,Magneton,1.0,60.0,4,316,0,60,50,70,1
83,Farfetch'd,0.8,15.0,13,571,0,45,52,60,1
84,Doduo,1.4,39.2,13,548,0,190,35,75,1
85,Dodrio,1.8,85.2,13,543,0,45,60,110,1
86,Seel,1.1,90.0,18,442,0,190,65,45,1
87,Dewgong,1.7,120.0,18,442,0,75,90,70,1
88,Grimer,1.16,61.38,14,467,0,190,80,25,1
89,Muk,1.16,61.38,14,467,0,75,105,50,1
90,Shellder,0.3,4.0,18,47,0,190,30,40,1
91,Cloyster,1.5,132.5,18,47,0,60,50,70,1
92,Gastly,1.3,0.1,9,208,0,190,30,80,1
93,Haunter,1.6,0.1,9,208,0,90,45,95,1
94,Gengar,1.5,40.5,9,451,0,45,60,130,1
95,Onix,8.8,210.0,16,414,0,45,35,70,1
96,Drowzee,1.0,32.4,15,244,0,190,60,42,1
97,Hypno,1.6,75.6,15,244,0,75,85,67,1
98,Krabby,0.4,6.5,18,408,0,225,30,50,1
99,Kingler,1.3,60.0,18,371,0,60,55,75,1
100,Voltorb,0.5,10.4,4,24,0,190,40,100,1
101,Electrode,1.2,66.6,4,24,0,60,60,150,1
102,Exeggcute,0.4,2.5,10,155,0,90,60,40,1
103,Exeggutor,1.16,61.38,10,103,0,45,95,45,1
104,Cubone,0.4,6.5,11,301,0,190,50,35,1
105,Marowak,1.16,61.38,11,58,0,75,60,45,1
106,Hitmonlee,1.5,49.8,6,273,0,45,50,87,1
107,Hitmonchan,1.4,50.2,6,397,0,45,50,76,1
108,Lickitung,1.2,65.5,13,290,0,45,90,30,1
109,Koffing,0.6,1.0,14,381,0,190,40,35,1
110,Weezing,1.2,9.5,14,381,0,60,65,60,1
111,Rhyhorn,1.0,115.0,11,481,0,120,80,25,1
112,Rhydon,1.9,120.0,11,151,0,60,105,40,1
113,Chansey,1.1,34.6,13,155,0,30,250,50,1
114,Tangela,1.0,35.0,10,556,0,45,65,60,1
115,Kangaskhan,2.2,80.0,13,365,0,45,105,100,1
116,Horsea,0.4,8.0,18,148,0,225,30,60,1
117,Seadra,1.2,25.0,18,148,0,75,55,85,1
118,Goldeen,0.6,15.0,18,216,0,225,45,63,1
119,Seaking,1.3,39.0,18,216,0,60,80,68,1
120,Staryu,0.8,34.5,18,494,0,225,30,85,1
121,Starmie,1.1,80.0,18,347,0,60,60,115,1
122,Mr. Mime,1.3,54.5,15,29,0,45,40,90,1
123,Scyther,1.5,56.0,1,318,0,45,70,105,1
124,Jynx,1.4,40.6,12,242,0,45,65,95,1
125,Electabuzz,1.1,30.0,4,160,0,45,65,105,1
126,Magmar,1.3,44.5,7,486,0,45,65,93,1
127,Pinsir,1.5,55.0,1,490,0,45,65,105,1
128,Tauros,1.4,88.4,13,570,0,45,75,110,1
129,Magikarp,0.9,10.0,18,183,0,255,20,80,1
130,Gyarados,6.5,235.0,18,16,0,45,95,81,1
131,Lapras,2.5,220.0,18,538,0,45,130,60,1
132,Ditto,0.3,4.0,13,537,0,35,48,48,1
133,Eevee,0.3,6.5,13,170,0,45,55,55,1
134,Vaporeon,1.0,29.0,18,71,0,45,130,65,1
135,Jolteon,0.8,24.5,4,293,0,45,65,130,1
136,Flareon,0.9,25.0,7,187,0,45,65,65,1
137,Porygon,0.8,36.5,13,557,0,45,65,40,1
138,Omanyte,0.4,7.5,16,484,0,45,35,35,1
139,Omastar,1.0,35.0,16,484,0,45,70,55,1
140,Kabuto,0.5,11.5,16,457,0,45,30,55,1
141,Kabutops,1.3,40.5,16,457,0,45,60,80,1
142,Aerodactyl,1.8,59.0,16,198,0,45,80,150,1
143,Snorlax,2.1,460.0,13,466,0,25,160,30,1
144,Articuno,1.7,55.4,12,201,1,3,90,85,1
145,Zapdos,1.6,52.6,4,160,1,3,90,100,1
146,Moltres,2.0,60.0,7,187,1,3,90,90,1
147,Dratini,1.8,3.3,3,148,0,45,41,50,1
148,Dragonair,4.0,16.5,3,148,0,45,61,70,1
149,Dragonite,2.2,210.0,3,148,0,45,91,80,1
150,Mewtwo,2.0,122.0,15,211,1,3,106,140,1
151,Mew,0.4,4.0,15,351,1,45,100,100,1
152,Chikorita,0.9,6.4,10,287,0,45,45,45,2
153,Bayleef,1.2,15.8,10,287,0,45,60,60,2
154,Meganium,1.8,100.5,10,234,0,45,80,80,2
155,Cyndaquil,0.5,7.9,7,179,0,45,39,65,2
156,Quilava,0.9,19.0,7,558,0,45,58,80,2
157,Typhlosion,1.7,79.5,7,558,0,45,78,100,2
158,Totodile,0.6,9.5,18,42,0,45,50,43,2
159,Croconaw,1.1,25.0,18,42,0,45,65,58,2
160,Feraligatr,2.3,88.8,18,42,0,45,85,78,2
161,Sentret,0.8,6.0,13,433,0,255,35,20,2
162,Furret,1.8,32.5,13,302,0,90,85,90,2
163,Hoothoot,0.7,21.2,13,361,0,255,60,50,2
164,Noctowl,1.6,40.8,13,361,0,90,100,70,2
165,Ledyba,1.0,10.8,1,184,0,255,40,55,2
166,Ledian,1.4,35.6,1,184,0,90,55,85,2
167,Spinarak,0.5,8.5,1,498,0,255,40,30,2
168,Ariados,1.1,33.5,1,303,0,90,70,40,2
169,Crobat,1.8,75.0,14,31,0,90,85,130,2
170,Chinchou,0.5,12.0,18,4,0,190,75,67,2
171,Lanturn,1.2,22.5,18,292,0,75,125,67,2
172,Pichu,0.3,2.0,4,527,0,190,20,60,2
173,Cleffa,0.3,3.0,5,492,0,150,50,15,2
174,Igglybuff,0.3,1.0,13,27,0,170,90,15,2
175,Togepi,0.3,1.5,5,480,0,190,35,20,2
176,Togetic,0.6,3.2,5,227,0,75,55,40,2
177,Natu,0.2,2.0,15,297,0,190,40,70,2
178,Xatu,1.5,15.0,15,348,0,75,65,95,2
179,Mareep,0.6,7.8,4,583,0,235,55,35,2
180,Flaaffy,0.8,13.3,4,583,0,120,70,45,2
181,Ampharos,1.4,61.5,4,292,0,45,90,45,2
182,Bellossom,0.4,5.8,10,191,0,45,75,50,2
183,Marill,0.4,8.5,18,8,0,190,70,40,2
184,Azumarill,0.8,28.5,18,9,0,75,100,50,2
185,Sudowoodo,1.2,38.0,16,251,0,65,70,30,2
186,Politoed,1.1,33.9,18,204,0,45,90,70,2
187,Hoppip,0.4,0.5,10,118,0,255,35,50,2
188,Skiploom,0.6,1.0,10,118,0,120,55,80,2
189,Jumpluff,0.8,3.0,10,118,0,45,75,110,2
190,Aipom,0.8,11.5,13,306,0,45,55,85,2
191,Sunkern,0.3,1.8,10,449,0,235,30,30,2
192,Sunflora,0.8,8.5,10,502,0,120,75,30,2
193,Yanma,1.2,38.0,1,100,0,75,65,95,2
194,Wooper,0.4,8.5,18,561,0,255,55,15,2
195,Quagsire,1.4,75.0,18,561,0,90,95,35,2
196,Espeon,0.9,26.5,15,502,0,45,65,110,2
197,Umbreon,1.0,27.0,2,338,0,45,95,65,2
198,Murkrow,0.5,2.1,2,128,0,30,60,91,2
199,Slowking,2.0,79.5,18,418,0,70,95,30,2
200,Misdreavus,0.7,1.0,9,435,0,45,60,85,2
201,Unown,0.5,5.0,15,510,0,225,48,48,2
202,Wobbuffet,1.3,28.5,15,366,0,45,190,33,2
203,Girafarig,1.5,41.5,13,304,0,60,70,85,2
204,Pineco,0.6,7.2,1,23,0,190,50,15,2
205,Forretress,1.2,125.8,1,23,0,75,75,40,2
206,Dunsparce,1.5,14.0,13,280,0,190,100,45,2
207,Gligar,1.1,64.8,11,194,0,60,65,85,2
208,Steelix,9.2,400.0,17,262,0,25,75,30,2
209,Snubbull,0.6,7.8,5,173,0,190,60,30,2
210,Granbull,1.4,48.7,5,173,0,75,90,45,2
211,Qwilfish,0.5,3.9,18,27,0,45,65,85,2
212,Scizor,1.8,118.0,1,371,0,25,70,75,2
213,Shuckle,0.6,20.5,1,335,0,190,20,5,2
214,Heracross,1.5,54.0,1,461,0,45,80,75,2
215,Sneasel,0.9,28.0,2,453,0,60,55,115,2
216,Teddiursa,0.6,8.8,13,296,0,120,60,40,2
217,Ursaring,1.8,125.8,13,236,0,60,90,55,2
218,Slugma,0.7,35.0,7,285,0,190,40,20,2
219,Magcargo,0.8,55.0,7,285,0,75,60,30,2
220,Swinub,0.4,6.5,12,370,0,225,50,50,2
221,Piloswine,1.1,55.8,12,506,0,75,100,50,2
222,Corsola,0.6,5.0,18,114,0,60,65,35,2
223,Remoraid,0.6,12.0,18,265,0,190,35,65,2
224,Octillery,0.9,28.5,18,265,0,75,75,45,2
225,Delibird,0.9,16.0,12,133,0,45,45,75,2
226,Mantine,2.1,220.0,18,275,0,25,85,70,2
227,Skarmory,1.7,50.5,17,11,0,25,65,70,2
228,Houndour,0.6,10.8,2,127,0,120,45,65,2
229,Houndoom,1.4,35.0,2,127,0,45,75,115,2
230,Kingdra,1.8,152.0,18,148,0,45,75,85,2
231,Phanpy,0.5,33.5,11,305,0,120,90,40,2
232,Donphan,1.1,120.0,11,12,0,60,90,50,2
233,Porygon2,0.6,32.5,13,557,0,45,85,60,2
234,Stantler,1.4,71.2,13,41,0,45,73,85,2
235,Smeargle,1.2,58.0,13,362,0,45,55,75,2
236,Tyrogue,0.7,21.0,6,436,0,75,35,35,2
237,Hitmontop,1.4,48.0,6,226,0,45,50,70,2
238,Smoochum,0.4,6.0,12,274,0,45,45,65,2
239,Elekid,0.6,23.5,4,160,0,45,45,95,2
240,Magby,0.7,21.4,7,298,0,45,45,83,2
241,Miltank,1.2,75.5,13,330,0,45,95,100,2
242,Blissey,1.5,46.8,13,227,0,30,255,55,2
243,Raikou,1.9,178.0,4,520,1,3,90,115,2
244,Entei,2.1,198.0,7,558,1,3,115,100,2
245,Suicune,2.0,187.0,18,19,1,3,100,85,2
246,Larvitar,0.6,72.0,16,413,0,45,50,41,2
247,Pupitar,1.2,152.0,16,229,0,45,70,51,2
248,Tyranitar,2.0,202.0,16,12,0,45,100,71,2
249,Lugia,5.2,216.0,15,144,1,3,106,110,2
250,Ho-Oh,3.8,199.0,7,401,1,3,106,90,2
251,Celebi,0.6,5.0,15,523,1,45,100,100,2
252,Treecko,0.5,5.0,10,581,0,45,40,70,3
253,Grovyle,0.9,21.6,10,581,0,45,50,95,3
254,Sceptile,1.7,52.2,10,196,0,45,70,145,3
255,Torchic,0.4,2.5,7,92,0,45,45,45,3
256,Combusken,0.9,19.5,7,587,0,45,60,55,3
257,Blaziken,1.9,52.0,7,52,0,45,80,100,3
258,Mudkip,0.4,7.6,18,342,0,45,50,40,3
259,Marshtomp,0.7,28.0,18,342,0,45,70,50,3
260,Swampert,1.5,81.9,18,342,0,45,100,70,3
261,Poochyena,0.5,13.6,2,46,0,255,35,35,3
262,Mightyena,1.0,37.0,2,46,0,127,70,70,3
263,Zigzagoon,0.4,17.5,13,529,0,255,38,60,3
264,Linoone,0.5,32.5,13,421,0,90,78,100,3
265,Wurmple,0.3,3.6,1,585,0,255,45,20,3
266,Silcoon,0.6,10.0,1,104,0,120,50,15,3
267,Beautifly,1.0,28.4,1,76,0,45,60,65,3
268,Cascoon,0.7,11.5,1,104,0,120,50,15,3
269,Dustox,1.2,31.6,1,382,0,45,60,65,3
270,Lotad,0.5,2.6,18,563,0,255,40,30,3
271,Lombre,1.2,32.5,18,267,0,120,60,50,3
272,Ludicolo,1.5,55.0,18,80,0,45,80,70,3
273,Seedot,0.5,4.0,10,2,0,255,40,30,3
274,Nuzleaf,1.0,28.0,10,575,0,120,70,60,3
275,Shiftry,1.3,59.6,10,569,0,45,90,80,3
276,Taillow,0.3,2.3,13,532,0,200,40,85,3
277,Swellow,0.7,19.8,13,505,0,45,60,125,3
278,Wingull,0.6,9.5,18,447,0,190,40,85,3
279,Pelipper,1.2,28.0,18,559,0,45,60,65,3
280,Ralts,0.4,6.6,15,176,0,235,28,40,3
281,Kirlia,0.8,20.2,15,165,0,120,38,50,3
282,Gardevoir,1.6,48.4,15,164,0,45,68,100,3
283,Surskit,0.5,1.7,1,385,0,200,40,65,3
284,Masquerain,0.8,3.6,1,171,0,75,70,80,3
285,Shroomish,0.4,4.5,10,345,0,255,60,35,3
286,Breloom,1.2,39.2,10,345,0,90,60,70,3
287,Slakoth,0.8,24.0,13,465,0,255,60,30,3
288,Vigoroth,1.4,46.5,13,572,0,120,80,90,3
289,Slaking,2.0,130.5,13,286,0,45,150,100,3
290,Nincada,0.5,5.5,1,536,0,255,31,40,3
291,Ninjask,0.8,12.0,1,352,0,120,61,160,3
292,Shedinja,0.8,1.2,1,454,0,45,1,40,3
293,Whismur,0.6,16.3,13,567,0,190,64,28,3
294,Loudred,1.0,40.5,13,43,0,120,84,48,3
295,Exploud,1.5,84.0,13,309,0,45,104,68,3
296,Makuhita,1.0,86.4,6,224,0,180,72,25,3
297,Hariyama,2.3,253.8,6,10,0,200,144,50,3
298,Azurill,0.2,2.0,13,384,0,150,50,20,3
299,Nosepass,1.0,97.0,16,110,0,255,30,30,3
300,Skitty,0.6,11.0,13,276,0,255,50,50,3
301,Delcatty,1.1,32.6,13,390,0,60,70,90,3
302,Sableye,0.5,11.0,2,128,0,45,50,20,3
303,Mawile,0.6,11.5,17,130,0,45,50,50,3
304,Aron,0.4,60.0,17,257,0,180,50,30,3
305,Lairon,0.9,120.0,17,257,0,90,60,40,3
306,Aggron,2.1,360.0,17,257,0,45,70,50,3
307,Meditite,0.6,11.2,6,322,0,180,30,60,3
308,Medicham,1.3,31.5,6,322,0,90,60,100,3
309,Electrike,0.6,15.2,4,293,0,120,40,65,3
310,Manectric,1.5,40.2,4,141,0,45,70,135,3
311,Plusle,0.4,4.2,4,90,0,200,60,95,3
312,Minun,0.4,4.2,4,90,0,200,60,95,3
313,Volbeat,0.7,17.7,1,181,0,150,65,85,3
314,Illumise,0.6,17.7,1,181,0,150,65,85,3
315,Roselia,0.3,2.0,10,518,0,150,50,65,3
316,Gulpin,0.4,10.3,14,496,0,225,70,40,3
317,Swalot,1.7,80.0,14,379,0,75,100,55,3
318,Carvanha,0.8,20.8,18,425,0,225,45,65,3
319,Sharpedo,1.8,88.8,18,68,0,60,70,105,3
320,Wailmer,2.0,130.0,18,26,0,125,130,60,3
321,Wailord,14.5,398.0,18,189,0,60,170,60,3
322,Numel,0.7,24.0,7,353,0,255,60,35,3
323,Camerupt,1.9,220.0,7,169,0,150,70,20,3
324,Torkoal,0.5,80.4,7,101,0,90,70,20,3
325,Spoink,0.7,30.6,15,61,0,255,60,60,3
326,Grumpig,0.9,71.5,15,317,0,60,80,80,3
327,Spinda,1.1,5.0,13,487,0,255,60,60,3
328,Trapinch,0.7,15.0,11,5,0,255,45,10,3
329,Vibrava,1.1,15.3,11,554,0,120,50,70,3
330,Flygon,2.0,82.0,11,348,0,45,80,100,3
331,Cacnea,0.4,51.3,10,77,0,190,50,35,3
332,Cacturne,1.3,77.4,10,428,0,60,70,55,3
333,Swablu,0.4,1.2,13,115,0,255,45,50,3
334,Altaria,1.1,20.6,3,243,0,45,75,80,3
335,Zangoose,1.3,40.3,13,82,0,90,73,90,3
336,Seviper,2.7,52.5,14,175,0,90,73,65,3
337,Lunatone,1.0,168.0,16,329,0,45,90,70,3
338,Solrock,1.2,154.0,16,329,0,45,90,70,3
339,Barboach,0.4,1.9,18,566,0,190,50,60,3
340,Whiscash,0.9,23.6,18,566,0,75,110,60,3
341,Corphish,0.6,11.5,18,420,0,205,43,35,3
342,Crawdaunt,1.1,32.8,18,415,0,155,63,55,3
343,Baltoy,0.5,21.5,11,99,0,255,40,55,3
344,Claydol,1.5,108.0,11,99,0,90,60,75,3
345,Lileep,1.0,23.8,16,441,0,45,66,23,3
346,Cradily,1.5,60.4,16,28,0,45,86,43,3
347,Anorith,0.7,12.5,16,357,0,45,45,75,3
348,Armaldo,1.5,68.2,16,375,0,45,75,45,3
349,Feebas,0.6,7.4,18,183,0,255,20,80,3
350,Milotic,6.2,162.0,18,515,0,60,95,81,3
351,Castform,0.3,0.8,13,564,0,45,70,70,3
352,Kecleon,1.0,22.0,13,107,0,200,60,40,3
353,Shuppet,0.6,2.3,9,398,0,225,44,45,3
354,Banette,1.1,12.5,9,320,0,45,64,75,3
355,Duskull,0.8,15.0,9,405,0,190,20,25,3
356,Dusclops,1.6,30.6,9,35,0,90,40,25,3
357,Tropius,2.0,100.0,10,206,0,200,99,51,3
358,Chimecho,0.6,1.0,15,576,0,45,75,65,3
359,Absol,1.2,47.0,2,140,0,30,65,115,3
360,Wynaut,0.6,14.0,15,65,0,125,95,23,3
361,Snorunt,0.7,16.8,12,471,0,190,50,50,3
362,Glalie,1.5,256.5,12,172,0,75,80,100,3
363,Spheal,0.8,39.5,12,97,0,255,70,25,3
364,Sealeo,1.1,87.6,12,25,0,120,90,45,3
365,Walrein,1.4,150.6,12,245,0,45,110,65,3
366,Clamperl,0.4,52.5,18,47,0,255,35,32,3
367,Huntail,1.7,27.0,18,132,0,60,55,52,3
368,Gorebyss,1.8,22.6,18,477,0,60,55,52,3
369,Relicanth,1.0,23.4,18,307,0,25,100,55,3
370,Luvdisc,0.6,8.7,18,403,0,225,43,97,3
371,Bagon,0.6,42.1,3,409,0,45,45,50,3
372,Shelgon,1.1,110.5,3,167,0,45,65,50,3
373,Salamence,1.5,102.6,3,148,0,45,95,120,3
374,Beldum,0.6,95.2,17,258,0,3,40,30,3
375,Metang,1.2,202.5,17,259,0,3,60,50,3
376,Metagross,1.6,550.0,17,260,0,3,80,110,3
377,Regirock,1.7,230.0,16,411,1,3,80,50,3
378,Regice,1.8,175.0,12,247,1,3,80,50,3
379,Registeel,1.9,205.0,17,261,1,3,80,50,3
380,Latias,1.4,40.0,3,168,1,3,80,110,3
381,Latios,2.0,60.0,3,168,1,3,80,110,3
382,Kyogre,4.5,352.0,18,437,1,3,100,90,3
383,Groudon,3.5,950.0,11,113,1,3,100,90,3
384,Rayquaza,7.0,206.5,3,463,1,45,105,115,3
385,Jirachi,0.3,1.1,17,579,1,3,100,100,3
386,Deoxys,1.7,60.8,15,125,1,3,50,180,3
387,Turtwig,0.4,10.2,10,526,0,45,55,31,4
388,Grotle,1.1,97.0,10,223,0,45,75,36,4
389,Torterra,2.2,310.0,10,113,0,45,95,56,4
390,Chimchar,0.5,6.2,7,94,0,45,44,61,4
391,Monferno,0.9,22.0,7,376,0,45,64,81,4
392,Infernape,1.2,55.0,7,187,0,45,76,108,4
393,Piplup,0.4,5.2,18,367,0,45,53,40,4
394,Prinplup,0.8,23.0,18,367,0,45,64,50,4
395,Empoleon,1.7,84.5,18,166,0,45,84,60,4
396,Starly,0.3,2.0,13,493,0,255,40,60,4
397,Staravia,0.6,15.5,13,493,0,120,55,80,4
398,Staraptor,1.2,24.9,13,389,0,45,85,100,4
399,Bidoof,0.5,20.0,13,378,0,255,59,31,4
400,Bibarel,1.0,31.5,13,34,0,127,79,71,4
401,Kricketot,0.3,2.2,1,120,0,255,37,25,4
402,Kricketune,1.0,25.5,1,120,0,45,77,65,4
403,Shinx,0.5,9.5,4,188,0,235,45,45,4
404,Luxio,0.9,30.5,4,478,0,120,60,60,4
405,Luxray,1.4,42.0,4,213,0,45,80,70,4
406,Budew,0.2,1.2,10,72,0,255,40,55,4
407,Roserade,0.9,14.5,10,63,0,75,60,90,4
408,Cranidos,0.9,31.5,16,230,0,45,67,58,4
409,Rampardos,1.6,102.5,16,230,0,45,97,58,4
410,Shieldon,0.5,57.0,16,458,0,45,30,30,4
411,Bastiodon,1.3,149.5,16,458,0,45,60,30,4
412,Burmy,0.2,3.4,1,23,0,120,40,36,4
413,Wormadam,0.5,6.5,1,23,0,45,60,36,4
414,Mothim,0.9,23.3,1,339,0,45,70,66,4
415,Combee,0.3,5.5,1,524,0,120,30,70,4
416,Vespiquen,1.2,38.5,1,37,0,45,70,40,4
417,Pachirisu,0.4,3.9,4,159,0,200,60,95,4
418,Buizel,0.7,29.5,18,445,0,190,55,85,4
419,Floatzel,1.1,33.5,18,445,0,75,85,115,4
420,Cherubi,0.4,3.3,10,91,0,190,45,35,4
421,Cherrim,0.5,9.3,10,56,0,75,70,85,4
422,Shellos,0.3,6.3,18,444,0,190,76,34,4
423,Gastrodon,0.9,29.9,18,444,0,75,111,39,4
424,Ambipom,1.2,20.3,13,306,0,45,75,115,4
425,Drifloon,0.4,1.2,9,27,0,125,90,70,4
426,Drifblim,1.2,15.0,9,54,0,60,150,80,4
427,Buneary,0.4,5.5,13,400,0,190,55,85,4
428,Lopunny,1.2,33.3,13,400,0,60,65,135,4
429,Mismagius,0.9,4.4,9,314,0,45,60,105,4
430,Honchkrow,0.9,27.3,2,39,0,30,100,71,4
431,Glameow,0.5,3.9,13,83,0,190,49,85,4
432,Purugly,1.0,43.8,13,522,0,75,71,112,4
433,Chingling,0.2,0.6,15,38,0,120,45,45,4
434,Stunky,0.4,19.2,14,462,0,225,63,74,4
435,Skuntank,1.0,38.0,14,462,0,60,103,84,4
436,Bronzor,0.5,60.5,17,67,0,255,57,23,4
437,Bronzong,1.3,187.0,17,66,0,90,67,33,4
438,Bonsly,0.5,15.0,16,60,0,255,50,10,4
439,Mime Jr.,0.6,13.0,15,331,0,145,20,60,4
440,Happiny,0.6,24.4,13,377,0,130,100,30,4
441,Chatot,0.5,1.9,13,346,0,30,76,91,4
442,Spiritomb,1.0,108.0,9,195,0,100,50,35,4
443,Gible,0.7,20.5,3,279,0,45,58,42,4
444,Gabite,1.4,56.0,3,85,0,45,68,82,4
445,Garchomp,1.9,95.0,3,313,0,45,108,92,4
446,Munchlax,0.6,105.0,13,40,0,50,135,5,4
447,Riolu,0.7,20.2,6,162,0,75,40,60,4
448,Lucario,1.2,54.0,6,18,0,45,70,112,4
449,Hippopotas,0.8,49.5,11,238,0,140,68,32,4
450,Hippowdon,2.0,300.0,11,232,0,60,108,47,4
451,Skorupi,0.8,12.0,14,432,0,120,40,65,4
452,Drapion,1.3,61.5,14,356,0,45,70,95,4
453,Croagunk,0.7,23.0,14,535,0,140,48,50,4
454,Toxicroak,1.3,44.4,14,535,0,75,83,85,4
455,Carnivine,1.4,27.0,10,73,0,200,74,46,4
456,Finneon,0.4,7.0,18,578,0,190,49,66,4
457,Lumineon,1.2,24.0,18,350,0,75,69,91,4
458,Mantyke,1.0,65.0,18,275,0,25,45,50,4
459,Snover,1.0,50.5,10,205,0,120,60,40,4
460,Abomasnow,2.2,135.5,10,205,0,60,90,30,4
461,Weavile,1.1,34.0,2,453,0,45,70,125,4
462,Magnezone,1.2,180.0,4,315,0,30,70,60,4
463,Lickilicky,1.7,140.0,13,290,0,30,110,50,4
464,Rhyperior,2.4,282.8,11,151,0,30,115,40,4
465,Tangrowth,2.0,128.6,10,556,0,30,100,50,4
466,Electivire,1.8,138.6,4,521,0,30,75,95,4
467,Magmortar,1.6,68.0,7,50,0,30,75,83,4
468,Togekiss,1.5,38.0,5,268,0,30,85,80,4
469,Yanmega,1.9,51.5,1,355,0,30,86,95,4
470,Leafeon,1.0,25.5,10,553,0,45,65,95,4
471,Glaceon,0.8,25.9,12,203,0,45,65,65,4
472,Gliscor,2.0,42.5,11,174,0,30,75,95,4
473,Mamoswine,2.5,291.0,12,549,0,50,110,80,4
474,Porygon-Z,0.9,34.0,13,557,0,30,85,90,4
475,Gallade,1.6,52.0,15,48,0,45,68,110,4
476,Probopass,1.4,340.0,16,110,0,60,60,40,4
477,Dusknoir,2.2,106.6,9,222,0,45,45,45,4
478,Froslass,1.3,26.6,12,472,0,75,70,110,4
479,Rotom,0.3,0.3,4,374,0,45,50,86,4
480,Uxie,0.3,0.3,15,277,1,3,75,95,4
481,Mesprit,0.3,0.3,15,165,1,3,80,80,4
482,Azelf,0.3,0.3,15,574,1,3,75,115,4
483,Dialga,5.4,683.0,17,514,1,3,100,90,4
484,Palkia,4.2,336.0,18,479,1,3,90,100,4
485,Heatran,1.7,430.0,7,284,1,3,91,77,4
486,Regigigas,3.7,420.0,13,108,1,3,110,100,4
487,Giratina,4.5,750.0,9,404,1,3,150,90,4
488,Cresselia,1.5,85.6,15,311,1,3,120,85,4
489,Phione,0.4,3.1,18,440,0,30,80,80,4
490,Manaphy,0.3,1.4,18,446,1,3,100,100,4
491,Darkrai,1.5,50.5,2,372,1,3,70,125,4
492,Shaymin,0.2,2.1,10,221,1,45,100,127,4
493,Arceus,3.2,320.0,13,3,1,3,120,120,4
494,Victini,0.4,4.0,15,555,1,3,100,100,5
495,Snivy,0.6,8.1,10,219,0,45,45,63,5
496,Servine,0.8,16.0,10,219,0,45,60,83,5
497,Serperior,3.3,63.0,10,402,0,45,75,113,5
498,Tepig,0.5,9.9,7,180,0,45,65,45,5
499,Pignite,1.0,55.5,7,180,0,45,90,55,5
500,Emboar,1.6,150.0,7,323,0,45,110,65,5
501,Oshawott,0.5,5.9,18,443,0,45,55,45,5
502,Dewott,0.8,24.5,18,142,0,45,75,60,5
503,Samurott,1.5,94.6,18,197,0,45,95,70,5
504,Patrat,0.5,11.6,13,433,0,255,45,42,5
505,Watchog,1.1,27.0,13,308,0,255,60,77,5
506,Lillipup,0.4,4.1,13,399,0,255,45,55,5
507,Herdier,0.9,14.7,13,310,0,120,65,60,5
508,Stoutland,1.2,61.0,13,44,0,45,85,80,5
509,Purrloin,0.4,10.1,2,137,0,255,41,66,5
510,Liepard,1.1,37.5,2,121,0,90,64,106,5
511,Pansage,0.6,10.5,10,217,0,190,50,64,5
512,Simisage,1.1,30.5,10,516,0,75,75,101,5
513,Pansear,0.6,11.0,7,237,0,190,50,64,5
514,Simisear,1.0,28.0,7,163,0,75,75,101,5
515,Panpour,0.6,13.5,18,488,0,190,50,64,5
516,Simipour,1.0,29.0,18,212,0,75,75,101,5
517,Munna,0.6,23.3,15,150,0,190,76,24,5
518,Musharna,1.1,60.5,15,152,0,75,116,29,5
519,Pidove,0.3,2.1,13,528,0,255,50,43,5
520,Tranquill,0.6,15.0,13,573,0,120,62,65,5
521,Unfezant,1.2,29.0,13,394,0,45,80,93,5
522,Blitzle,0.8,29.8,4,161,0,190,45,76,5
523,Zebstrika,1.6,79.5,4,521,0,75,75,116,5
524,Roggenrola,0.4,18.0,16,319,0,255,55,15,5
525,Boldore,0.9,102.0,16,359,0,120,70,20,5
526,Gigalith,1.7,260.0,16,111,0,45,85,25,5
527,Woobat,0.4,2.1,15,31,0,190,65,72,5
528,Swoobat,0.9,10.5,15,119,0,45,67,114,5
529,Drilbur,0.3,8.5,11,336,0,120,60,68,5
530,Excadrill,0.7,40.4,11,501,0,60,110,88,5
531,Audino,1.1,31.0,13,231,0,255,103,50,5
532,Timburr,0.6,12.5,6,344,0,180,75,35,5
533,Gurdurr,1.2,40.0,6,344,0,90,85,40,5
534,Conkeldurr,1.4,87.0,6,344,0,45,105,45,5
535,Tympole,0.5,4.5,18,512,0,255,50,64,5
536,Palpitoad,0.8,17.0,18,554,0,120,75,69,5
537,Seismitoad,1.5,62.0,18,554,0,45,105,74,5
538,Throh,1.3,55.5,6,269,0,45,120,45,5
539,Sawk,1.4,51.0,6,271,0,45,75,85,5
540,Sewaddle,0.3,2.5,1,450,0,255,45,42,5
541,Swadloon,0.5,7.3,1,288,0,120,55,42,5
542,Leavanny,1.2,20.5,1,354,0,45,75,92,5
543,Venipede,0.4,5.3,1,88,0,255,30,57,5
544,Whirlipede,1.2,58.5,1,123,0,120,40,47,5
545,Scolipede,2.5,200.5,1,324,0,45,60,112,5
546,Cottonee,0.3,0.6,10,117,0,190,40,66,5
547,Whimsicott,0.7,6.6,10,577,0,75,60,116,5
548,Petilil,0.5,6.6,10,75,0,190,45,30,5
549,Lilligant,1.1,16.3,10,192,0,75,70,90,5
550,Basculin,1.0,18.0,18,240,0,25,70,98,5
551,Sandile,0.7,15.2,11,134,0,180,50,65,5
552,Krokorok,1.0,33.4,11,134,0,90,60,74,5
553,Krookodile,1.5,96.3,11,254,0,45,95,92,5
554,Darumaka,0.6,37.5,7,588,0,120,70,50,5
555,Darmanitan,1.3,92.9,7,53,0,60,105,55,5
556,Maractus,1.0,28.0,10,77,0,255,75,60,5
557,Dwebble,0.3,14.5,1,410,0,190,50,55,5
558,Crustle,1.4,200.0,1,497,0,75,70,45,5
559,Scraggy,0.6,11.8,2,455,0,180,50,48,5
560,Scrafty,1.1,30.0,2,239,0,90,65,58,5
561,Sigilyph,1.4,14.0,15,21,0,45,72,97,5
562,Yamask,0.5,1.5,9,485,0,190,38,30,5
563,Cofagrigus,1.7,76.5,9,105,0,90,58,30,5
564,Tirtouga,0.7,16.5,18,393,0,45,54,22,5
565,Carracosta,1.2,81.0,18,393,0,45,74,32,5
566,Archen,0.5,9.5,16,182,0,45,55,70,5
567,Archeops,1.4,32.0,16,182,0,45,75,110,5
568,Trubbish,0.6,31.0,14,540,0,190,50,65,5
569,Garbodor,1.9,107.3,14,541,0,60,80,75,5
570,Zorua,0.7,12.5,2,542,0,75,40,65,5
571,Zoroark,1.6,81.1,2,250,0,45,60,105,5
572,Minccino,0.4,5.8,13,95,0,255,55,75,5
573,Cinccino,0.5,7.5,13,429,0,60,75,115,5
574,Gothita,0.4,5.8,15,185,0,200,45,45,5
575,Gothorita,0.7,18.0,15,317,0,100,60,55,5
576,Gothitelle,1.5,44.0,15,15,0,50,70,65,5
577,Solosis,0.3,1.0,15,87,0,200,45,20,5
578,Duosion,0.6,8.0,15,333,0,100,65,30,5
579,Reuniclus,1.0,20.1,15,343,0,50,110,30,5
580,Ducklett,0.5,5.5,18,559,0,190,62,55,5
581,Swanna,1.3,24.2,18,568,0,45,75,98,5
582,Vanillite,0.4,5.7,12,203,0,255,36,44,5
583,Vanillish,1.1,41.0,12,248,0,120,51,59,5
584,Vanilluxe,1.3,57.5,12,473,0,45,71,79,5
585,Deerling,0.6,19.5,13,448,0,190,60,75,5
586,Sawsbuck,1.9,92.5,13,448,0,75,80,95,5
587,Emolga,0.4,5.0,4,464,0,200,55,103,5
588,Karrablast,0.5,5.9,1,96,0,200,50,60,5
589,Escavalier,1.0,33.0,1,84,0,75,70,20,5
590,Foongus,0.2,1.0,10,345,0,190,69,15,5
591,Amoonguss,0.6,10.5,10,345,0,75,114,30,5
592,Frillish,1.2,33.0,18,190,0,190,55,40,5
593,Jellicent,2.2,135.0,18,190,0,60,100,60,5
594,Alomomola,1.2,31.6,18,81,0,75,165,65,5
595,Joltik,0.1,0.6,1,17,0,190,50,65,5
596,Galvantula,0.8,14.3,1,158,0,75,70,108,5
597,Ferroseed,0.6,18.8,10,519,0,255,44,10,5
598,Ferrothorn,1.0,110.0,10,517,0,90,74,20,5
599,Klink,0.3,21.0,17,209,0,130,40,30,5
600,Klang,0.6,51.0,17,209,0,60,60,50,5
601,Klinklang,0.6,81.0,17,209,0,30,60,90,5
602,Tynamo,0.2,0.3,4,157,0,190,35,60,5
603,Eelektrik,1.2,22.0,4,157,0,60,65,40,5
604,Eelektross,2.1,80.5,4,157,0,30,85,50,5
605,Elgyem,0.5,9.0,15,89,0,255,55,30,5
606,Beheeyem,1.0,34.5,15,89,0,90,75,40,5
607,Litwick,0.3,3.1,9,78,0,190,50,20,5
608,Lampent,0.6,13.0,9,278,0,90,60,55,5
609,Chandelure,1.0,34.3,9,312,0,45,60,80,5
610,Axew,0.6,18.0,3,547,0,75,46,57,5
611,Fraxure,1.0,36.0,3,22,0,60,66,67,5
612,Haxorus,1.8,105.5,3,22,0,45,76,97,5
613,Cubchoo,0.5,8.5,12,93,0,120,55,40,5
614,Beartic,2.6,260.0,12,202,0,60,95,50,5
615,Cryogonal,1.1,148.0,12,122,0,25,80,105,5
616,Shelmet,0.4,7.7,1,469,0,200,50,25,5
617,Accelgor,0.8,25.3,1,456,0,75,80,145,5
618,Stunfisk,0.7,11.0,11,539,0,75,109,32,5
619,Mienfoo,0.9,20.0,6,321,0,180,45,65,5
620,Mienshao,1.4,35.5,6,321,0,45,65,105,5
621,Druddigon,1.6,139.0,3,85,0,45,77,48,5
622,Golett,1.0,92.0,11,20,0,190,59,35,5
623,Golurk,2.8,330.0,11,20,0,90,89,55,5
624,Pawniard,0.5,10.2,2,452,0,120,45,60,5
625,Bisharp,1.6,70.0,2,508,0,45,65,70,5
626,Bouffalant,1.6,94.6,13,30,0,45,95,55,5
627,Rufflet,0.5,10.5,13,154,0,190,70,60,5
628,Braviary,1.5,41.0,13,551,0,60,100,80,5
629,Vullaby,0.5,9.0,2,138,0,190,70,60,5
630,Mandibuzz,1.2,39.5,2,59,0,60,110,80,5
631,Heatmor,1.4,58.0,7,6,0,90,85,65,5
632,Durant,0.3,33.0,1,256,0,90,58,109,5
633,Deino,0.8,17.3,2,255,0,45,52,38,5
634,Zweilous,1.4,50.0,2,240,0,45,72,58,5
635,Hydreigon,1.8,160.0,2,68,0,45,92,98,5
636,Larvesta,1.1,28.8,1,533,0,45,55,60,5
637,Volcarona,1.6,46.0,1,502,0,15,85,100,5
638,Cobalion,2.1,250.0,17,263,1,3,91,108,5
639,Terrakion,1.9,260.0,16,86,1,3,91,108,5
640,Virizion,2.0,200.0,10,220,1,3,91,108,5
641,Tornadus,1.5,63.0,8,124,1,3,79,121,5
642,Thundurus,1.5,61.0,4,57,1,3,79,101,5
643,Reshiram,3.2,330.0,3,552,1,3,100,90,5
644,Zekrom,2.9,345.0,3,131,1,3,100,90,5
645,Landorus,1.5,68.0,11,1,1,3,89,91,5
646,Kyurem,3.0,325.0,3,62,1,3,125,95,5
647,Keldeo,1.4,48.5,18,109,1,3,91,108,5
648,Meloetta,0.6,6.5,13,326,1,3,100,128,5
649,Genesect,1.5,82.5,1,363,1,3,71,99,5
650,Chespin,0.4,9.0,10,482,0,45,56,38,6
651,Quilladin,0.7,29.0,10,483,0,45,61,57,6
652,Chesnaught,1.6,90.0,10,483,0,45,88,64,6
653,Fennekin,0.4,9.4,7,199,0,45,40,60,6
654,Braixen,1.0,14.5,7,199,0,45,59,73,6
655,Delphox,1.5,39.0,7,199,0,45,75,104,6
656,Froakie,0.3,7.0,18,70,0,45,41,71,6
657,Frogadier,0.6,10.9,18,70,0,45,54,97,6
658,Greninja,1.5,40.0,18,352,0,45,72,132,6
659,Bunnelby,0.4,5.0,13,139,0,255,38,57,6
660,Diggersby,1.0,42.4,13,139,0,127,85,78,6
661,Fletchling,0.3,1.7,13,530,0,255,45,62,6
662,Fletchinder,0.7,16.0,7,163,0,120,62,84,6
663,Talonflame,1.2,24.5,7,431,0,45,78,126,6
664,Scatterbug,0.3,2.5,1,430,0,255,38,35,6
665,Spewpa,0.3,8.4,1,430,0,120,45,29,6
666,Vivillon,1.2,17.0,1,426,0,45,80,89,6
667,Litleo,0.6,13.5,7,294,0,220,62,72,6
668,Pyroar,1.5,81.5,7,418,0,65,86,106,6
669,Flabébé,0.1,0.1,5,460,0,225,44,42,6
670,Floette,0.2,0.9,5,173,0,120,74,92,6
671,Florges,1.1,10.0,5,207,0,45,78,75,6
672,Skiddo,0.9,31.0,10,340,0,200,66,52,6
673,Gogoat,1.7,91.0,10,340,0,45,123,68,6
674,Pancham,0.6,8.0,6,376,0,220,67,43,6
675,Pangoro,2.1,136.0,6,129,0,65,95,58,6
676,Furfrou,1.2,28.0,13,386,0,160,75,102,6
677,Espurr,0.3,3.5,15,406,0,190,62,68,6
678,Meowstic,0.6,8.5,15,112,0,75,74,104,6
679,Honedge,0.8,2.0,17,509,0,180,45,28,6
680,Doublade,0.8,4.5,17,509,0,90,59,35,6
681,Aegislash,1.7,53.0,17,419,0,45,60,60,6
682,Spritzee,0.2,0.5,5,368,0,200,78,23,6
683,Aromatisse,0.8,15.5,5,200,0,140,101,29,6
684,Swirlix,0.4,3.5,5,116,0,200,62,49,6
685,Slurpuff,0.8,5.0,5,327,0,140,82,72,6
686,Inkay,0.4,3.5,2,407,0,190,53,45,6
687,Malamar,1.5,47.0,2,360,0,80,86,73,6
688,Binacle,0.5,31.0,16,550,0,120,42,50,6
689,Barbaracle,1.3,96.0,16,106,0,45,72,68,6
690,Skrelp,0.5,7.3,14,334,0,225,50,30,6
691,Dragalge,1.8,81.5,14,334,0,55,65,44,6
692,Clauncher,0.5,8.3,18,562,0,225,50,44,6
693,Clawitzer,1.3,35.3,18,241,0,55,71,59,6
694,Helioptile,0.5,6.0,4,210,0,190,44,70,6
695,Heliolisk,1.0,21.0,4,210,0,75,62,109,6
696,Tyrunt,0.8,26.0,16,417,0,45,58,48,6
697,Tyrantrum,2.5,270.0,16,135,0,45,82,71,6
698,Amaura,1.3,25.2,16,544,0,45,77,46,6
699,Aurorus,2.7,225.0,16,544,0,45,123,58,6
700,Sylveon,1.0,23.5,5,253,0,45,95,60,6
701,Hawlucha,0.8,21.5,6,586,0,100,78,118,6
702,Dedenne,0.2,2.2,4,7,0,180,67,101,6
703,Carbink,0.3,5.7,16,266,0,60,50,50,6
704,Goomy,0.3,2.8,3,474,0,45,45,40,6
705,Sliggoo,0.8,17.5,3,474,0,45,68,60,6
706,Goodra,2.0,150.5,3,148,0,45,90,80,6
707,Klefki,0.2,3.0,17,272,0,75,57,75,6
708,Phantump,0.4,7.0,9,500,0,120,43,38,6
709,Trevenant,1.5,71.0,9,156,0,60,85,56,6
710,Pumpkaboo,0.8,15.0,9,396,0,120,59,41,6
711,Gourgeist,1.7,39.0,9,396,0,60,85,54,6
712,Bergmite,1.0,99.5,12,246,0,190,55,28,6
713,Avalugg,2.0,505.0,12,247,0,55,95,28,6
714,Noibat,0.5,8.0,8,476,0,190,40,55,6
715,Noivern,1.5,85.0,8,476,0,45,85,123,6
716,Xerneas,3.0,215.0,5,291,1,45,126,99,6
717,Yveltal,5.8,203.0,2,136,1,45,126,99,6
718,Zygarde,5.0,284.6,3,358,1,3,216,85,6
719,Diancie,0.7,8.8,16,266,1,3,50,110,6
720,Hoopa,1.16,61.38,15,332,1,3,80,80,6
721,Volcanion,1.7,195.0,7,495,1,3,80,70,6
722,Rowlet,0.3,1.5,10,218,0,45,68,42,7
723,Dartrix,0.7,16.0,10,49,0,45,78,52,7
724,Decidueye,1.6,36.6,10,13,0,45,78,70,7
725,Litten,0.4,4.3,7,177,0,45,45,70,7
726,Torracat,0.7,25.0,7,177,0,45,65,90,7
727,Incineroar,1.8,83.0,7,233,0,45,95,60,7
728,Popplio,0.4,7.5,18,442,0,45,50,40,7
729,Brionne,0.6,17.5,18,387,0,45,60,50,7
730,Primarina,1.8,44.0,18,475,0,45,80,60,7
731,Pikipek,0.3,1.2,13,582,0,255,35,65,7
732,Trumbeak,0.6,14.8,13,74,0,120,55,75,7
733,Toucannon,1.1,26.0,13,79,0,45,80,60,7
734,Yungoos,0.4,6.0,13,300,0,255,48,45,7
735,Gumshoos,0.7,14.2,13,491,0,127,88,45,7
736,Grubbin,0.4,4.4,1,282,0,255,47,46,7
737,Charjabug,0.5,10.5,1,32,0,120,57,36,7
738,Vikavolt,1.5,45.0,1,489,0,45,77,43,7
739,Crabrawler,0.6,7.0,6,64,0,225,47,63,7
740,Crabominable,1.7,180.0,6,584,0,60,97,43,7
741,Oricorio,0.6,3.4,7,126,0,45,75,93,7
742,Cutiefly,0.1,0.2,1,36,0,190,40,84,7
743,Ribombee,0.2,0.5,1,36,0,75,60,124,7
744,Rockruff,0.5,9.2,16,399,0,190,45,60,7
745,Lycanroc,1.16,61.38,16,580,0,90,85,82,7
746,Wishiwashi,0.2,0.3,18,468,0,60,45,30,7
747,Mareanie,0.4,8.0,14,69,0,190,50,45,7
748,Toxapex,0.7,14.5,14,69,0,75,50,35,7
749,Mudbray,1.0,110.0,11,145,0,190,70,45,7
750,Mudsdale,2.5,920.0,11,147,0,60,100,35,7
751,Dewpider,0.3,4.0,18,560,0,200,38,27,7
752,Araquanid,1.8,82.0,18,560,0,100,68,42,7
753,Fomantis,0.3,1.5,10,459,0,190,40,35,7
754,Lurantis,0.9,18.5,10,55,0,75,70,45,7
755,Morelull,0.2,1.5,10,249,0,190,40,15,7
756,Shiinotic,1.0,11.5,10,249,0,75,60,30,7
757,Salandit,0.6,4.8,14,534,0,120,48,77,7
758,Salazzle,1.2,22.2,14,534,0,45,68,117,7
759,Stufful,0.5,6.8,13,186,0,140,70,50,7
760,Bewear,2.1,135.0,13,499,0,70,120,60,7
761,Bounsweet,0.3,3.2,10,206,0,235,42,32,7
762,Steenee,0.7,8.2,10,206,0,120,52,62,7
763,Tsareena,1.2,21.4,10,206,0,45,72,72,7
764,Comfey,0.1,0.3,5,388,0,60,51,100,7
765,Oranguru,1.5,76.0,13,422,0,45,90,60,7
766,Passimian,2.0,82.8,6,513,0,45,100,80,7
767,Wimpod,0.5,12.0,1,545,0,90,25,80,7
768,Golisopod,2.0,108.0,1,228,0,45,75,40,7
769,Sandygast,0.5,70.0,9,424,0,140,55,15,7
770,Palossand,1.3,250.0,9,423,0,60,85,35,7
771,Pyukumuku,0.3,1.2,18,439,0,60,55,5,7
772,Type: Null,1.9,120.5,13,511,0,3,95,59,7
773,Silvally,2.3,100.5,13,511,0,3,95,95,7
774,Minior,0.3,40.0,16,328,0,30 (Meteorite)255 (Core),60,120,7
775,Komala,0.4,19.9,13,152,0,45,65,65,7
776,Turtonator,2.0,212.0,7,51,0,70,60,36,7
777,Togedemaru,0.3,3.3,4,416,0,180,65,96,7
778,Mimikyu,0.2,0.7,9,143,0,45,55,96,7
779,Bruxish,0.9,19.0,18,215,0,80,68,92,7
780,Drampa,3.0,185.0,13,373,0,70,78,36,7
781,Dhelmise,3.9,210.0,9,438,0,25,70,40,7
782,Jangmo-o,0.6,29.7,3,427,0,45,45,45,7
783,Hakamo-o,1.2,47.0,3,427,0,45,55,65,7
784,Kommo-o,1.6,78.2,3,427,0,45,75,85,7
785,Tapu Koko,1.8,20.5,4,281,1,3,70,130,7
786,Tapu Lele,1.2,18.6,15,281,1,3,70,95,7
787,Tapu Bulu,1.9,45.5,10,281,1,3,70,75,7
788,Tapu Fini,1.3,21.2,18,281,1,3,70,85,7
789,Cosmog,0.2,0.1,15,349,1,45,43,37,7
790,Cosmoem,0.1,999.9,15,392,1,45,43,37,7
791,Solgaleo,3.4,230.0,15,503,1,45,137,97,7
792,Lunala,4.0,120.0,15,337,1,45,137,97,7
793,Nihilego,1.2,55.5,16,364,1,45,109,103,7
794,Buzzwole,2.4,333.6,1,507,1,25,107,79,7
795,Pheromosa,1.8,25.0,1,295,1,255,71,151,7
796,Xurkitree,3.8,100.0,4,214,1,30,83,83,7
797,Celesteela,9.2,999.9,17,283,1,25,97,61,7
798,Kartana,0.3,0.1,10,149,1,255,59,109,7
799,Guzzlord,5.5,888.0,2,270,1,15,223,43,7
800,Necrozma,2.4,230.0,15,391,1,3,97,79,7
801,Magearna,1.0,80.5,17,14,1,3,80,65,7
